Timestamp,Event Type,File Path,PID,Process Name
2024-04-11 14:28:21,created,C:\Users\hp\Desktop\demo\in.txt,N/A,N/A
2024-04-11 14:28:41,modified,C:\Users\hp\Desktop\demo\in.txt,N/A,N/A
2024-04-11 14:28:58,created,C:\Users\hp\Desktop\demo\monitor_log.csv,N/A,N/A
2024-04-11 14:29:17,modified,C:\Users\hp\Desktop\demo\monitor_log.csv,N/A,N/A
2024-04-11 14:34:46,modified,C:\Users\hp\Desktop\demo\in.txt,N/A,N/A
2024-04-11 14:35:04,modified,C:\Users\hp\Desktop\demo\in.txt,N/A,N/A
2024-04-11 14:35:22,modified,C:\Users\hp\Desktop\demo\monitor_log.csv,N/A,N/A
2024-04-11 14:35:43,modified,C:\Users\hp\Desktop\demo\demo_file2.txt,N/A,N/A
2024-04-11 14:36:02,modified,C:\Users\hp\Desktop\demo\monitor_log.csv,N/A,N/A
2024-04-11 14:36:23,modified,C:\Users\hp\Desktop\demo\in.txt,N/A,N/A
2024-04-11 14:36:42,modified,C:\Users\hp\Desktop\demo\monitor_log.csv,N/A,N/A
